sid,name
0,voluptas
1,accusantium
2,in
3,eos
4,sunt
8,ut
9,est
59,at
61,pariatur
62,ducimus
74,natus
83,illum
125,blanditiis
146,perspiciatis
183,est
221,iure
237,qui
334,aut
384,deleniti
451,ad
481,ipsam
483,hic
695,quas
803,perferendis
908,dolorum
936,qui
937,explicabo
955,est
988,unde
1168,consectetur
1436,non
2849,laboriosam
2887,sed
3089,suscipit
4683,repellat
5793,dolores
7664,occaecati
7730,aut
8328,culpa
15015,autem
19701,voluptas
33271,rerum
49421,quod
49425,aut
52967,delectus
55388,repellendus
62945,sint
65106,rerum
74406,facere
88118,optio
97992,vero
200770,quam
267476,reprehenderit
305955,et
368917,omnis
449236,vero
538392,accusantium
568925,et
650317,iure
665210,consequatur
741249,eius
872975,aspernatur
1300830,aut
1691085,id
2811351,voluptas
2955916,ipsum
4456866,eos
5608218,libero
5749177,non
5863219,quae
7489188,voluptate
8990644,id
9759841,ad
13323845,delectus
21576290,vero
27818040,dolorum
34370298,sint
49440148,mollitia
59975388,omnis
61983333,quam
69893622,sunt
73334733,et
74662201,voluptas
76624103,blanditiis
81205132,et
85401068,culpa
91511977,ad
100512496,numquam
131806676,at
268337885,repudiandae
273603708,quis
290413489,ut
316778241,a
473140141,vero
556003785,ab
623312497,at
683356253,et
686571782,aut
688011683,fugiat
893289272,eum
