gid,name
0,excepturi
1,in
3,quaerat
6,sunt
8,id
29,debitis
30,occaecati
53,quo
87,architecto
93,qui
102,molestias
198,eum
228,voluptas
483,quo
741,eveniet
755,id
817,magni
4390,necessitatibus
8618,quo
10699,aut
12456,ipsa
20908,et
23788,non
25955,consequatur
36235,blanditiis
44766,et
60505,quaerat
71330,soluta
76462,consequatur
85247,velit
87237,voluptas
92031,est
395988,consequatur
591158,porro
914703,sint
970773,sapiente
1036267,dolorum
1132436,est
6034081,quibusdam
9950107,perspiciatis
12985531,maiores
17940666,qui
32486814,illum
327651348,maiores
478072846,ab
494564417,dolorum
656418706,provident
814751531,quidem
908067905,saepe
985842403,voluptas
