brid,name,addr_num,addr_street,addr_apt,addr_city,addr_state,addr_zip
11,Exercitationem quos est numquam.,32767,Unde iste dolor.,71l,Blockbury,Missouri,32767
65,Fugit est sed.,32767,Eum iste officiis.,81s,North Serena,Minnesota,24102
78,Dolores quos dicta omnis.,32767,Velit dolores qui.,06z,West Cordia,District of Columbia,32767
89,Accusamus voluptas provident quod.,3851,Eius soluta dolores in.,61z,East Josefina,Hawaii,32767
96,Occaecati animi velit voluptatum.,4,Quisquam corporis aliquam voluptas.,15z,Wardchester,Illinois,32767
12617,Exercitationem sequi eos.,32767,Rerum rerum hic sit adipisci.,21d,Lake Sandra,Alaska,32767
28410,Tenetur pariatur.,0,Eveniet rerum recusandae.,91u,Reynoldshaven,SouthDakota,32767
53172,Libero pariatur expedita autem odit.,32767,Autem ex qui.,14i,Jillianchester,Michigan,32767
7253076,Ullam consequuntur repellendus ex.,0,Soluta eaque provident nemo.,41e,East Jovani,Maine,27812
8981887,Officia beatae praesentium asperiores.,32767,Voluptates et exercitationem distinctio.,47g,Predovicfurt,NewHampshire,32767
