chid,card_num,first_name,last_name,password,addr_num,addr_street,addr_apt,addr_city,addr_state,addr_zip,email,
1,1175120053,Solon,Yost,,87,Mante Ports,Apt. 809,Lake Emmalee,District of Columbia,32767,terry.taurean@example.org,
2,2147483647,,Zieme,,68,Dave Spring,Suite 886,Gorczanymouth,Iowa,32767,garrison.pagac@example.com,
3,2147483647,,Jacobson,74ea0ddbdcaa6fc5beb19d66051992251a462edb,905,Lee Vista,Apt. 583,North Zacherybury,Washington,32767,matt.kreiger@example.net,
4,1726868781,Viva,Sanford,,32767,Creola Path,Suite 590,Daughertyland,WestVirginia,32767,jstracke@example.net,
5,2147483647,Reagan,Muller,39de2a857560436c82a7c17c2cb690ac473b9b76,32767,Lilly Overpass,Apt. 973,Coleside,Wisconsin,32767,samson.lind@example.com,
6,2147483647,,Haag,f9a2c24c12ad58a63e362f5e4841208a2bbe4ba9,18540,Patrick Passage,Suite 580,Katrinabury,Missouri,32767,patrick94@example.org,
7,2147483647,Davon,Cummings,3b7e16e157022f125efbe882a7c2c0ccae5cf330,32767,Dooley Lakes,Suite 627,North Kayceeland,Louisiana,32767,barton97@example.net,
8,2147483647,,Kulas,,725,Yolanda Shoal,,Port Felixburgh,Iowa,2394,buddy24@example.com,
9,1217691037,,Fay,,9400,Von Locks,,South Geraldine,Missouri,32767,murphy.leonor@example.org,
10,2147483647,,Pfeffer,,32767,Barton Junctions,,East Gustaveberg,NorthCarolina,32767,jarvis.o'keefe@example.net,
11,1497994326,,Crona,74593ec79a9ea5ac36b97093a3805de177a7bb93,180,Chasity Prairie,Apt. 331,Colbyburgh,Maine,32767,fadel.crystel@example.com,
12,1319023199,Gaylord,Kshlerin,031bfad6984f14f3f4373992163b120042659409,3655,Dallin Loaf,Apt. 398,West Shaina,Ohio,32767,deondre80@example.org,
13,2147483647,Hallie,Weimann,,937,Fisher Crescent,Apt. 106,East Cliffordtown,NewHampshire,32767,jerod.heathcote@example.com,
14,1056859245,,Hickle,,419,Emmerich Village,Apt. 674,Heidenreichport,NorthCarolina,32767,iwyman@example.com,
15,2147483647,Natasha,Daniel,,32767,Estella Lodge,Suite 793,West Nicholausburgh,Ohio,20768,lelia.ondricka@example.net,
16,2147483647,,Cole,,32767,Russel Mews,Apt. 608,Lake Kathleenchester,NewJersey,32767,klein.dillon@example.com,
17,2147483647,,Berge,f13b5fca5e62e8263dc7c3f095c1c5ab2ddf9360,7433,Littel Lodge,Apt. 801,Grimesside,Kansas,666,lueilwitz.roxanne@example.com,
18,2147483647,,Rolfson,0c5cb0e38e2846689d40f2994f9767d0f3ece07f,32767,Rosenbaum Course,Suite 094,Bernhardburgh,Georgia,32767,walton.leffler@example.org,
19,2074017050,Jay,Kreiger,28ede13f5a15e09304acbf10f8590c5126cce2ba,128,Gorczany Gardens,Apt. 618,Delphineville,Maryland,32767,runte.noe@example.com,
20,2147483647,Deshawn,Kozey,413c4908df187a8e0bd97cac6ca936029d098d6e,802,Rae Plaza,,South Alexa,Virginia,32767,arianna38@example.com,
21,2147483647,,Lindgren,55ab2f257f39464a816e3b8028ed0652b40a2f86,430,Elliot Valleys,,Raymondside,Alabama,32767,ahuel@example.net,
22,2147483647,Elliot,Torphy,,32767,Emelia Plains,,Lake Allyburgh,NorthCarolina,32767,etha06@example.com,
23,2147483647,Elmer,Boyer,4f4e9a7d9db35fa8f4972d0287187b0465ab22d5,378,Kariane Flat,,Kayaborough,Mississippi,32767,nhilpert@example.net,
24,1563009354,,Kirlin,,7479,Bruen Gardens,Apt. 020,South Price,Virginia,32767,lionel05@example.com,
25,1516789257,,Fisher,be2ca65a4bf63f43e6de2be0449dd92c4d1cd947,32767,Verner Haven,Suite 851,Freemantown,Idaho,10689,charlene88@example.com,
26,2147483647,,Lang,,32767,Gleason Inlet,Apt. 768,West Margaretta,Kentucky,32767,precious.murphy@example.net,
27,1773449157,,Feest,4c17302bf3e9f3fce841db00abc80ee61891a3d6,530,Hansen Inlet,Suite 246,West Adriana,Kansas,32767,eleazar93@example.org,
28,1731555722,Rhea,Effertz,09b1a5d496ae812bad89d7ee7038657da3879eaa,1979,Kiehn Orchard,Suite 985,Alessandraland,NewHampshire,32767,kub.ryder@example.org,
29,2147483647,Malcolm,Bradtke,7c0f7362c1622780f128fb368f492cf00331b613,2909,Desiree Roads,,Simoneton,Virginia,32767,hickle.tyrique@example.com,
30,1252779066,,Mraz,fd2cbb7f76c11d05904fb50cf04fa671a5696d29,621,Swift Pine,Apt. 567,Murrayberg,District of Columbia,32767,bruen.joanie@example.org,
