brid,name,addr_num,addr_street,addr_apt,addr_city,addr_state,addr_zip,
1,officiis,2968,Florence Forge,,Feilchester,Maryland,26778,
2,incidunt,7969,King Hollow,Suite 906,Port Brennonborough,NorthCarolina,32767,
3,quis,5837,Chaz Dale,,North Jeanie,WestVirginia,32767,
4,molestiae,671,Lonnie Ports,,Hermistonstad,Oregon,32767,
5,in,5211,Bulah Mountain,Suite 934,Lake Earnestburgh,Alaska,32767,
6,minus,1079,Boyer Inlet,,Ryanburgh,Alabama,32767,
7,et,8224,Sporer Curve,,South Dasia,Kentucky,32767,
8,consequuntur,664,Dalton Valleys,Suite 943,Schneiderview,Montana,32767,
9,velit,7949,Josue Roads,Apt. 070,Fayshire,Utah,31791,
10,quo,6732,Krista Center,,Misaelberg,Arkansas,29783,
11,non,8061,Rowena Divide,Apt. 562,Estherton,Delaware,32767,
12,qui,4158,Ledner River,,Lake Luther,Hawaii,32767,
13,quas,669,Timmothy Valleys,Suite 228,Velvachester,NorthCarolina,32767,
14,vel,2015,Lehner Estates,,Macejkovicfurt,Arkansas,32767,
15,laboriosam,8102,Bauch Skyway,,North Nels,Montana,12019,
