aid,first_name,last_name,about
0,Nat,Lebsack,Laudantium deserunt molestias soluta. Dolorem sed nostrum odit nobis aliquam iusto amet nihil. Quam eum voluptatem odit iusto nihil nulla qui.
1,,Nader,
2,,Runolfsson,Deleniti voluptatem qui aspernatur suscipit repellendus quibusdam. Dolor odit aliquam et aut doloremque consequatur. Veritatis numquam labore voluptas commodi eos voluptates quia. Dolorem dicta culpa consectetur ut rem incidunt tenetur.
3,,Krajcik,
4,,Gorczany,Dolorum exercitationem ratione minus dolor repellat. Et et vel aut ea quasi officia.
5,Leif,Cronin,
7,,Torphy,Iusto enim dolor non voluptatem. Nemo sunt sapiente ipsam ut sed sed. Sint officiis sapiente deserunt sed voluptatem. Aut exercitationem sunt ipsa laudantium est est reiciendis. Laborum vero tenetur enim.
8,Theresa,Kling,
9,Karianne,Pagac,
28,,Hagenes,Occaecati natus sunt dolore numquam dignissimos. Exercitationem officia voluptatum architecto est natus eos. Qui et nulla magnam et quo accusamus sed necessitatibus. Doloremque aperiam nemo autem optio consequatur vel blanditiis sapiente.
32,Skylar,Schulist,
40,,Mayert,
41,Oda,Lubowitz,
49,,Jacobs,Error quasi sit voluptatem iusto ut sunt tempora. Accusantium vel tempora dolores tenetur ea. Velit ex animi ratione animi soluta molestiae provident laborum.
67,Darlene,Reichel,Ea aut aspernatur ab dolores nulla similique. Ut est animi ipsam asperiores ut id sapiente velit. Hic sint culpa autem culpa. Sit inventore occaecati cum et consequuntur rerum.
75,,Koch,In earum corporis sequi vitae molestias. Sed autem dicta est est non. Inventore quia ipsam et sed accusantium voluptas non. Quia hic voluptatum ut.
82,Dandre,Rowe,Modi fugiat quaerat velit. Assumenda et dignissimos consectetur deserunt architecto. Enim non id aperiam eaque et. Ut illum et non beatae ratione qui numquam.
86,Nikko,Rippin,
89,Ahmad,Heathcote,
92,Ramona,Herman,
94,,Wilkinson,Consequatur impedit sed saepe aliquam id provident quos. Omnis animi hic ex. Et ipsam ad temporibus similique quos. Quia dolorem veniam sit consequatur non.
95,,Grant,Incidunt sunt dolorum blanditiis aut pariatur. Earum porro autem iusto quia quo. Quibusdam et est ipsum cupiditate. Voluptatem beatae necessitatibus id fuga qui. Dolorem beatae reiciendis non est atque aut voluptatem.
99,,Ratke,
195,,Rutherford,
210,Anabelle,Little,Quas tenetur quae aut et. Et error accusamus sint et dignissimos accusamus atque quisquam. Et et enim et consequatur expedita. Est sint quo omnis tenetur aut necessitatibus inventore.
222,Kasandra,Dooley,
224,Charley,Zemlak,
274,,Jaskolski,Excepturi et cumque magnam exercitationem non. Nihil odit deserunt tenetur. Consequatur doloremque et provident vel. Illum cum quis maiores illo.
470,Marcellus,Block,
671,,Olson,
868,Albertha,Kutch,Enim molestiae velit culpa aut perferendis vero unde ut. Mollitia laboriosam atque voluptatibus ut at. Qui reprehenderit fugiat libero.
875,Rafaela,Runolfsson,
976,,Connelly,Ut molestiae eveniet repellat ut. Fugiat porro in labore qui quisquam voluptas. Consequuntur non in ducimus non commodi aliquid. Accusantium ab earum quod ea distinctio enim.
1469,,Kuvalis,Soluta qui et dolores voluptatem voluptate consequatur. Accusantium quo repellat et nihil. Harum atque debitis est qui porro. Aperiam aspernatur ipsa et eos velit unde.
2978,,Swaniawski,
3146,,Beer,Voluptatum ratione rerum veritatis ad commodi. Quos iure ea perspiciatis facere. Ut commodi fuga voluptas labore harum aspernatur quasi. Quia hic voluptatem nisi non explicabo et incidunt minus.
3970,Forest,Bosco,Recusandae rerum similique minus enim aspernatur officia non alias. Dignissimos et maiores doloremque omnis vero tenetur. Suscipit quisquam nostrum ut aliquam.
4170,,Upton,
7324,Haleigh,Abbott,
8026,,Harvey,Facilis officiis odit sed quos voluptates deserunt. Qui a totam accusamus incidunt. In ratione et adipisci. Nam quo tempora velit.
8326,Vanessa,Halvorson,
9646,Carter,Wuckert,
10379,,Dach,Illum atque voluptatem velit qui dolores aut autem placeat. Eos non rerum rerum aut atque molestiae. Sunt provident impedit non consequatur incidunt neque voluptas. Aperiam sint officiis qui vitae qui rem autem et.
18210,,Ernser,Non vitae repellendus qui dicta praesentium velit sed. Et at temporibus at aliquam incidunt eligendi explicabo. Consequuntur voluptatum voluptates et. Quis quia molestiae deserunt.
28055,Evert,Auer,Tenetur neque molestias recusandae. Dolorem exercitationem alias et velit qui quia velit. Aliquam ducimus debitis eum perferendis.
35152,Darrion,Bashirian,
37244,Bryana,Greenholt,Id culpa tempore facilis ipsum ut esse quia. Adipisci vel provident repudiandae qui ut magnam doloribus. Modi ipsa provident exercitationem quaerat modi aut voluptatum. Placeat cupiditate natus non.
54474,Lorenz,McDermott,
55903,Janiya,Weber,Soluta maxime sint praesentium praesentium distinctio numquam. Et excepturi ipsa quod a quos fuga. Voluptatum dolores repellendus nemo dignissimos architecto quo ex. Ut ea consequuntur dolorem aut enim qui suscipit. Corrupti beatae at id voluptates provident nam molestiae.
58146,,Heidenreich,Odit reprehenderit quia quod at iusto. Aut corporis eum quos consequatur ut nobis eius. Et laboriosam reprehenderit dolorem.
68130,,McDermott,
68156,Dominic,Nader,
98482,Donnie,Torphy,Dignissimos qui excepturi amet deserunt fugit quia. Quisquam quia non voluptatem. Delectus voluptatibus ea amet ea. Ipsam ut id nam optio iure quis.
99306,,Kirlin,
121075,,Bauch,Molestiae sunt deleniti ut odio qui consectetur ratione voluptas. Excepturi deserunt sed occaecati ut possimus.
153678,,Fadel,Sit ut atque tenetur eum tempore temporibus vero. Quod consequatur minus animi pariatur vitae sunt laudantium. Quaerat porro ea et. Itaque quo accusamus aut debitis sapiente libero consequuntur cumque.
263439,,Swift,
289997,Greta,Thiel,
316072,Elna,Blick,Omnis voluptatem autem rerum fuga et qui sed. Minima quibusdam est totam architecto. Quae quaerat ut magnam non. Nulla facere quam ducimus porro nihil.
371857,,Johnston,
413914,Arthur,Rice,Tenetur et commodi reprehenderit incidunt eaque. Sunt fuga eum et possimus enim ut. At aut aliquid et voluptates modi iure. Est sequi facere eveniet cumque quis.
444976,Clinton,Hilll,Id sint eaque laudantium quisquam voluptatem delectus. Veniam molestias voluptas sit optio odit in et. Non rerum earum rerum omnis quas et ut. Dolor voluptatem enim hic hic.
670938,Vivienne,Marquardt,Sunt voluptatem ut ipsa quam ratione eum ipsa. Magni temporibus impedit doloremque suscipit provident laborum. Tempore cum hic tenetur voluptates facere id facere. Iure consequatur quis temporibus quaerat quia blanditiis.
776254,Floyd,Kunde,
794205,Casey,Huel,Reprehenderit aspernatur aperiam aut sunt autem est. Et quibusdam repudiandae quasi alias vero quos. Consectetur sunt velit voluptatem dicta odio non.
852140,Alta,Friesen,
950446,,Abernathy,In aut enim et quod molestiae. Suscipit hic eveniet quas et sed ea. Dolores nihil debitis veniam nihil accusamus labore. Quam blanditiis ut beatae facilis impedit. Cum deleniti non asperiores.
1846010,,Franecki,
2695795,Anjali,Rolfson,
3940613,Yasmeen,Conroy,
4460130,,Rutherford,
4599081,,Towne,Voluptatibus beatae mollitia tenetur aliquam voluptatem possimus facere. Laboriosam quia quam necessitatibus aperiam. Qui veritatis maiores rerum delectus.
6368932,,Lind,
7707098,,Bergstrom,
8243321,Donnie,Lindgren,
8803955,,O'Kon,Labore quam velit dolorum nisi est repudiandae rerum. Exercitationem hic et aspernatur est cum. Ab ex ea et hic et perspiciatis magnam nisi. Adipisci omnis aut nihil dolores consequatur molestiae soluta voluptatem.
9965714,,Champlin,
15618450,Thad,Baumbach,
25480509,,Murray,
32749820,,Cassin,Placeat possimus optio esse quisquam aut. Sit eligendi necessitatibus at numquam sunt molestiae ducimus. Et consequatur earum consequatur atque error culpa repudiandae. Voluptatem et veritatis quam impedit at.
66596576,Cleora,Jast,Neque praesentium ullam quia nemo. Dolor mollitia laborum est assumenda enim dolorem deserunt facilis.
70613705,Torey,Jenkins,Omnis rerum ipsum quisquam. Sapiente nobis voluptatem ut eius praesentium consequatur. Fuga sed quis dicta expedita aspernatur ut.
77701225,,Satterfield,Officiis qui vitae et eveniet quae ut. Dolores ratione minima accusantium aut rerum. Iusto veritatis eos et accusantium qui. Laudantium sunt nemo soluta in.
84231720,,Bauch,Natus doloremque vitae facere quisquam nostrum asperiores. Minima iusto excepturi iste fuga exercitationem. Voluptas aut aut incidunt expedita ut porro. Veniam numquam alias laboriosam reiciendis eum qui. Corrupti sit cum sequi nihil.
92547468,,Renner,Vitae nihil voluptas qui molestiae cum qui. Illo dolorum aut nulla molestiae. Ut qui quia voluptatem omnis beatae sed porro. Ipsum nihil aperiam autem odit. Quas sequi unde quia praesentium voluptatum quia.
96647963,Cortney,Boyer,
97874452,,Grimes,Praesentium excepturi hic voluptas laborum. Nisi fuga suscipit et harum. Ea blanditiis quidem id voluptas.
99192795,,Doyle,
99497145,,Howe,
102826493,Braeden,Waelchi,Non incidunt consequuntur vitae quia ut sit quo numquam. Porro voluptas laborum voluptas et facilis aut. Sint saepe aut qui porro distinctio.
140580984,Zoey,Reilly,
362419680,Michele,Haag,Consectetur soluta molestiae sed dolores voluptatum quos. Consectetur neque velit inventore aliquam distinctio pariatur. Qui iusto hic architecto voluptas omnis quam. Quia enim non animi illo quas sunt.
455293223,,Tromp,
556009304,Riley,Waters,Officia rerum id nesciunt minima. Enim quo incidunt et debitis. Aperiam voluptate optio ut aliquam doloremque amet quaerat. Et et aut et id mollitia. Delectus laboriosam nesciunt esse libero id harum numquam.
602269620,,Rosenbaum,
665373011,Eloise,Tillman,Rem aut ipsam ullam ad. At exercitationem distinctio dicta itaque. Illo cumque quisquam et.
753356096,Melvin,Senger,Quod labore asperiores inventore magni. Expedita id ex eum sit accusamus eum vel. Necessitatibus porro praesentium ut dolorum minus repellat. Neque assumenda consectetur et itaque a necessitatibus ut dolores.
813262804,,Heathcote,
910999604,Erich,Cruickshank,Rerum non enim magni praesentium in neque. Vel qui illo eaque dolorem sed architecto. Possimus velit qui molestias eius ut atque. Rerum iste incidunt iure sed dolore voluptates.
960479328,Leola,Brown,
